https://www.just-eat.dk/menu/lones-kokken, 4,1, (324)
,https://www.just-eat.dk/menu/gusto-sandwich-pizza, 4,7, (44)
,https://www.just-eat.dk/menu/pa-farten, null, null
,https://www.just-eat.dk/menu/pizza-expressen-herning, 4,1, (94)
,https://www.just-eat.dk/menu/stations-pizza-grill, 4,1, (3k)
,https://www.just-eat.dk/menu/pizza-nova, 3,7, (165)
,https://www.just-eat.dk/menu/namaste-herning, 4,4, (50)
,https://www.just-eat.dk/menu/9-ni-sushi, 4,8, (143)
,https://www.just-eat.dk/menu/lilla-bas-pizzaria, 4,3, (374)
,https://www.just-eat.dk/menu/pizzeria-marco-polo, 4,2, (2k)
,https://www.just-eat.dk/menu/barbecue-bossen-pita-grill-1, 3,7, (16)
,https://www.just-eat.dk/menu/pizza-king-herning-sjallandsgade, 3,3, (291)
,https://www.just-eat.dk/menu/grillen-burgerbar-herning, 3,1, (185)
,https://www.just-eat.dk/menu/peach-pit-herning-smallegade, 3,3, (144)
,https://www.just-eat.dk/menu/jensens-bofhus-herning, 3,5, (184)
,https://www.just-eat.dk/menu/yutaka, 4,2, (75)
,https://www.just-eat.dk/menu/daddy-donuts, 4,3, (6)
,https://www.just-eat.dk/menu/singapore-kitchen-pizza-grill, 3,8, (188)
,https://www.just-eat.dk/menu/kvik-kiosken-kiosk-online, 4,7, (25)
,https://www.just-eat.dk/menu/cafe-fry-ostergade, 3,4, (74)
,https://www.just-eat.dk/menu/curry-heaven, 3,9, (91)
,https://www.just-eat.dk/menu/buffalo-american-pizza-kiosk-online, 3,5, (915)
,https://www.just-eat.dk/menu/city-burger-kiosk-online, 3,3, (188)
,https://www.just-eat.dk/menu/milano-pizza-herning, 3,2, (10)
,https://www.just-eat.dk/menu/sunset-boulevard-herningcentret, 2,4, (182)
,https://www.just-eat.dk/menu/pizza-inn, 4,1, (13)
,https://www.just-eat.dk/menu/kfc-herning, 2,8, (158)
,https://www.just-eat.dk/menu/grill-pizza-18, 3, (3)
,https://www.just-eat.dk/menu/hammerum-pizza-kebabhouse, 4,1, (446)
,https://www.just-eat.dk/menu/milano-pizza-kibak-1, 5, (3)
